SurveyFormId,SurveyFormName,SurveyLink,SurveyLanguage,SurveyQuestionCount,SurveyPageCount,SurveyDateCreated,SurveyDateModified,ProjectId
"74975097","NPS - Administrative and Support Services Satisfaction Survey","http://www.surveymonkey.com/r/Preview/?sm=pHt4Ok_2Bk2f_2FsFzo_2BjwTySoGk_2FPNLEukQPMLi6wdsReQ_3D","tr","35","33","2016-02-09T20:13:00","2016-06-14T16:49:00",1
"74972790","NPS UE 2016.","http://www.surveymonkey.com/r/Preview/?sm=CTquZQ9flZa3kNUmJ2J_2BUpKq_2BZnm0Fkw1MnzdtNAJsM_3D","pt","34","32","2016-02-09T19:39:00","2016-06-13T19:17:00",1
"77278410","NPS IPAM Porto 2016.","http://www.surveymonkey.com/r/Preview/?sm=42yszMJxrcCMrL8578t6GCvbm8RlExq5hGBGO9JQSfI_3D","pt","35","33","2016-03-30T11:40:00","2016-06-12T20:07:00",1
"77277735","NPS IADE 2016.","http://www.surveymonkey.com/r/Preview/?sm=ximXv_2FsGuGxd_2BUfgYHJZeL8QY2sUD34ORKOj0Oi_2Fapw_3D","pt","24","23","2016-03-30T11:18:00","2016-06-12T17:17:00",1
"77278096","NPS IPAM Lisboa 2016.","http://www.surveymonkey.com/r/Preview/?sm=AaqArqtv7Sdpnez9BgrY4nnzI1cupHxbDYxaTp9RYmo_3D","pt","33","31","2016-03-30T11:30:00","2016-06-10T09:28:00",1
"74920208","NPS BITS 2016","http://www.surveymonkey.com/r/Preview/?sm=Wwjqu1dwpj75SMhTIOYhMp8edj_2Fdc6nq_2B5jW42RIqXg_3D","de","37","33","2016-02-08T21:33:00","2016-06-07T10:55:00",1
"74975669","NPS EUC 2016","http://www.surveymonkey.com/r/Preview/?sm=NONElYDrqT7Xx1VhPpVFjbHnKIyXARSAHb4rzDXnL9E_3D","el","35","33","2016-02-09T20:22:00","2016-05-21T08:59:00",1
"78880325","NPS_BITS_2016","http://www.surveymonkey.com/r/Preview/?sm=M9YiI6p_2F9W1mSJT0kOXHDrDybeiuQ1I9aZsEQk_2BV6M8_3D","de","39","35","2016-04-29T20:30:00","2016-05-16T14:31:00",1
"74977404","NPS UE 2016","http://www.surveymonkey.com/r/Preview/?sm=uxOuA7lt2JlpDgyHhTOyF9R22PrxbHC96i8uPIGucg8_3D","es","35","33","2016-02-09T20:47:00","2016-05-14T22:37:00",1
"77260263","Copia de NPS EUC 2016","http://www.surveymonkey.com/r/Preview/?sm=DF_2FIMYBT3sXdQPKrttkSnSmGJn2LcCKKdDi9F_2BAuyYM_3D","el","37","35","2016-03-30T00:03:00","2016-05-04T12:39:00",1
"76827716","Copia de NPS UE 2016","http://www.surveymonkey.com/r/Preview/?sm=k4rVOj7fihsF3zRCYTn5kZDVpNe4S5wbDnmZwhP9diw_3D","pt","19","18","2016-03-19T01:13:00","2016-03-21T11:51:00",1
"67755770","NPS 2015","http://www.surveymonkey.com/r/Preview/?sm=WqNMbTmzDngBtgtpxuFEf8qm4UcYgiezk9sPTK2N6SY_3D","en","7","7","2015-08-06T17:22:00","2016-03-12T23:51:00",1
"69281852","NPS_CIBERTEC_2015","http://www.surveymonkey.com/r/Preview/?sm=qa3pAKmEf8_2FHYyusLsMg4Dvp_2FIVnj8xCBah02HFOu4A_3D","es","5","5","2015-09-21T13:40:00","2016-03-08T17:32:00",1
"68490213","NPS CIBERTEC 2015","http://www.surveymonkey.com/r/Preview/?sm=fHYClp4wpC1YexqEqojbo9tqrB1VlFao0IA5nF2j8eg_3D","es","5","5","2015-08-30T18:39:00","2016-03-08T17:31:00",1
"62217295","Tu Opinión Cuenta (NPS) – UAM 2015","http://www.surveymonkey.com/r/Preview/?sm=oekTclVuHFC0TPNa0Vk5TAiiaWztbJWXnGeSpKzwP0Y_3D","es","5","5","2015-03-11T13:21:00","2016-03-08T17:31:00",1
"69988248","NPS UIP 2015","http://www.surveymonkey.com/r/Preview/?sm=AjgoMiDjI4Hq80neoAxTv3RFsOb7L_2FuuKvqmCUIFNJk_3D","es","5","5","2015-10-07T17:05:00","2016-03-08T17:31:00",1
"68489249","NPS UPN 2015","http://www.surveymonkey.com/r/Preview/?sm=4FZL88yDjFqTkkIBTKi8rAtAHhChWikmt8WuZLrBt64_3D","es","5","5","2015-08-30T16:46:00","2016-03-08T17:31:00",1
"75555245","NPS EUC 2016 random","http://www.surveymonkey.com/r/Preview/?sm=ynsP6n9S02dkaiCqDMExNizCiY4AyA1iU5Vba0dOZQM_3D","en","11","11","2016-02-23T01:38:00","2016-03-08T17:30:00",1
"73337763","Test Survey - NPS","http://www.surveymonkey.com/r/Preview/?sm=Lb3vHNgXY53QMi_2FuILS0WJZIcP9hX9Zwo0y1rmGWTD0_3D","en","5","5","2015-12-28T07:34:00","2016-01-29T18:22:00",1
